Matrix_index,Chain,Residue_number,Residue_name
1,A,62,THR
2,A,63,VAL
3,A,64,GLU
4,A,65,ARG
5,A,66,ALA
6,A,67,VAL
7,A,68,LYS
8,A,69,SER
9,A,70,VAL
10,A,71,ASP
11,A,72,PRO
12,A,73,PRO
13,A,74,ALA
14,A,75,THR
15,A,76,PHE
16,A,77,LYS
17,A,78,PRO
18,A,79,LYS
19,A,80,ASP
20,A,81,GLU
21,A,82,GLN
22,A,83,VAL
23,A,84,PHE
24,A,85,TYR
25,A,86,PRO
26,A,87,ASN
27,A,88,GLY
28,A,89,LYS
29,A,90,PRO
30,A,91,ASN
31,A,92,HIS
32,A,93,GLN
33,A,94,PHE
34,A,95,LEU
35,A,96,LYS
36,A,97,GLN
37,A,98,HIS
38,A,99,PHE
39,A,100,ILE
40,A,101,HIS
41,A,102,GLU
42,A,103,GLY
43,A,104,ARG
44,A,105,LEU
45,A,106,HIS
46,A,107,GLU
47,A,108,HIS
48,A,109,GLN
49,A,110,ALA
50,A,111,ILE
51,A,112,GLN
52,A,113,ILE
53,A,114,LEU
54,A,115,LYS
55,A,116,GLN
56,A,117,ALA
57,A,118,THR
58,A,119,HIS
59,A,120,LEU
60,A,121,LEU
61,A,122,SER
62,A,123,LYS
63,A,124,GLU
64,A,125,PRO
65,A,126,ASN
66,A,127,LEU
67,A,128,LEU
68,A,129,SER
69,A,130,VAL
70,A,131,PRO
71,A,132,ALA
72,A,133,PRO
73,A,134,VAL
74,A,135,THR
75,A,136,ILE
76,A,137,CYS
77,A,138,GLY
78,A,139,ASP
79,A,140,VAL
80,A,141,HIS
81,A,142,GLY
82,A,143,GLN
83,A,144,TYR
84,A,145,TYR
85,A,146,ASP
86,A,147,LEU
87,A,148,MET
88,A,149,LYS
89,A,150,LEU
90,A,151,PHE
91,A,152,GLU
92,A,153,VAL
93,A,154,GLY
94,A,155,GLY
95,A,156,ASP
96,A,157,PRO
97,A,158,ALA
98,A,159,SER
99,A,160,THR
100,A,161,LYS
101,A,162,TYR
102,A,163,LEU
103,A,164,PHE
104,A,165,LEU
105,A,166,GLY
106,A,167,ASP
107,A,168,TYR
108,A,169,VAL
109,A,170,ASP
110,A,171,ARG
111,A,172,GLY
112,A,173,SER
113,A,174,PHE
114,A,175,SER
115,A,176,ILE
116,A,177,GLU
117,A,178,CYS
118,A,179,LEU
119,A,180,LEU
120,A,181,TYR
121,A,182,LEU
122,A,183,TYR
123,A,184,SER
124,A,185,LEU
125,A,186,LYS
126,A,187,ILE
127,A,188,ASN
128,A,189,TYR
129,A,190,PRO
130,A,191,ASP
131,A,192,THR
132,A,193,PHE
133,A,194,TRP
134,A,195,MET
135,A,196,LEU
136,A,197,ARG
137,A,198,GLY
138,A,199,ASN
139,A,200,HIS
140,A,201,GLU
141,A,202,CYS
142,A,203,ARG
143,A,204,HIS
144,A,205,LEU
145,A,206,THR
146,A,207,GLU
147,A,208,TYR
148,A,209,PHE
149,A,210,THR
150,A,211,PHE
151,A,212,LYS
152,A,213,ASN
153,A,214,GLU
154,A,215,CYS
155,A,216,LEU
156,A,217,HIS
157,A,218,LYS
158,A,219,TYR
159,A,220,SER
160,A,221,GLU
161,A,222,GLU
162,A,223,LEU
163,A,224,TYR
164,A,225,GLU
165,A,226,GLU
166,A,227,CYS
167,A,228,LEU
168,A,229,VAL
169,A,230,SER
170,A,231,PHE
171,A,232,ASN
172,A,233,ALA
173,A,234,LEU
174,A,235,PRO
175,A,236,LEU
176,A,237,ALA
177,A,238,ALA
178,A,239,ILE
179,A,240,MET
180,A,241,ASN
181,A,242,GLU
182,A,243,GLN
183,A,244,PHE
184,A,245,PHE
185,A,246,CYS
186,A,247,VAL
187,A,248,HIS
188,A,249,GLY
189,A,250,GLY
190,A,251,LEU
191,A,252,SER
192,A,253,PRO
193,A,254,GLN
194,A,255,LEU
195,A,256,THR
196,A,257,SER
197,A,258,LEU
198,A,259,ASP
199,A,260,SER
200,A,261,LEU
201,A,262,ARG
202,A,263,LYS
203,A,264,LEU
204,A,265,HIS
205,A,266,ARG
206,A,267,PHE
207,A,268,ARG
208,A,269,GLU
209,A,270,PRO
210,A,271,PRO
211,A,272,THR
212,A,273,LYS
213,A,274,GLY
214,A,275,LEU
215,A,276,MET
216,A,277,CYS
217,A,278,ASP
218,A,279,LEU
219,A,280,LEU
220,A,281,TRP
221,A,282,ALA
222,A,283,ASP
223,A,284,PRO
224,A,285,ILE
225,A,286,GLU
226,A,287,GLU
227,A,288,TYR
228,A,289,ASP
229,A,290,ASP
230,A,291,ASP
231,A,292,ASN
232,A,293,LEU
233,A,294,ASP
234,A,295,GLN
235,A,296,GLU
236,A,297,TYR
237,A,298,VAL
238,A,299,THR
239,A,300,ASN
240,A,301,VAL
241,A,302,VAL
242,A,303,ARG
243,A,304,GLY
244,A,305,CYS
245,A,306,SER
246,A,307,PHE
247,A,308,ALA
248,A,309,PHE
249,A,310,THR
250,A,311,TYR
251,A,312,LYS
252,A,313,ALA
253,A,314,ALA
254,A,315,CYS
255,A,316,LYS
256,A,317,PHE
257,A,318,LEU
258,A,319,ASP
259,A,320,ARG
260,A,321,THR
261,A,322,LYS
262,A,323,LEU
263,A,324,LEU
264,A,325,SER
265,A,326,VAL
266,A,327,ILE
267,A,328,ARG
268,A,329,ALA
269,A,330,HIS
270,A,331,GLU
271,A,332,ALA
272,A,333,GLN
273,A,334,ASN
274,A,335,ALA
275,A,336,GLY
276,A,337,TYR
277,A,338,ARG
278,A,339,MET
279,A,340,TYR
280,A,341,LYS
281,A,342,ARG
282,A,343,THR
283,A,344,LYS
284,A,345,THR
285,A,346,MET
286,A,347,GLY
287,A,348,PHE
288,A,349,PRO
289,A,350,SER
290,A,351,LEU
291,A,352,LEU
292,A,353,THR
293,A,354,MET
294,A,355,PHE
295,A,356,SER
296,A,357,ALA
297,A,358,PRO
298,A,359,ASN
299,A,360,TYR
300,A,361,LEU
301,A,362,ASP
302,A,363,SER
303,A,364,TYR
304,A,365,ASN
305,A,366,ASN
306,A,367,LYS
307,A,368,ALA
308,A,369,ALA
309,A,370,VAL
310,A,371,LEU
311,A,372,LYS
312,A,373,TYR
313,A,374,GLU
314,A,375,ASN
315,A,376,ASN
316,A,377,VAL
317,A,378,MET
318,A,379,ASN
319,A,380,ILE
320,A,381,ARG
321,A,382,GLN
322,A,383,PHE
323,A,384,ASN
324,A,385,ALA
325,A,386,SER
326,A,387,PRO
327,A,388,HIS
328,A,389,PRO
329,A,390,TYR
330,A,391,TRP
331,A,392,LEU
332,A,393,PRO
333,A,394,HIS
334,A,395,PHE
335,A,396,MET
336,A,397,ASP
337,A,398,VAL
338,A,399,PHE
339,A,400,THR
340,A,401,TRP
341,A,402,SER
342,A,403,LEU
343,A,404,PRO
344,A,405,PHE
345,A,406,VAL
346,A,407,GLY
347,A,408,GLU
348,A,409,LYS
349,A,410,VAL
350,A,411,THR
351,A,412,ASP
352,A,413,MET
353,A,414,LEU
354,A,415,VAL
355,A,416,SER
356,A,417,ILE
357,A,418,LEU
358,A,419,ASN
359,A,420,VAL
360,A,421,CYS
361,A,422,THR
