Rank,Bos_residue,Bos_residue_name,Candida_residue,Candida_residue_name,DeltaCC
1,21,VAL,70,VAL,0.0695581205
2,22,PRO,71,ASP,0.0455009639
3,23,PHE,72,PRO,0.0472365775
4,24,PRO,73,PRO,0.0475945301
5,25,PRO,74,ALA,0.0563915779
6,26,SER,75,THR,0.0733281595
7,27,HIS,76,PHE,0.1120188811
8,28,ARG,77,LYS,0.0867073639
9,29,LEU,78,PRO,0.0742960123
10,30,THR,79,LYS,0.0503171604
11,31,ALA,80,ASP,0.0695787975
12,32,LYS,81,GLU,0.0599779700
13,33,GLU,82,GLN,0.0674809234
14,34,VAL,83,VAL,0.1144373744
15,35,PHE,84,PHE,0.1099002954
16,36,ASP,85,TYR,0.0793181732
17,37,ASN,86,PRO,0.0950027486
18,38,ASP,87,ASN,0.1057906467
19,39,GLY,88,GLY,0.1344141827
20,40,LYS,89,LYS,0.1613956581
21,41,PRO,90,PRO,0.1579972745
22,42,ARG,91,ASN,0.1287444603
23,43,VAL,92,HIS,0.1030754981
24,44,ASP,93,GLN,0.0853563573
25,45,ILE,94,PHE,0.0844886431
26,46,LEU,95,LEU,0.0881167947
27,47,LYS,96,LYS,0.0640781444
28,48,ALA,97,GLN,0.0606064837
29,49,HIS,98,HIS,0.0735049791
30,50,LEU,99,PHE,0.0671928558
31,51,MET,100,ILE,0.0542730523
32,52,LYS,101,HIS,0.0646092187
33,53,GLU,102,GLU,0.0675267450
34,54,GLY,103,GLY,0.0782136968
35,55,ARG,104,ARG,0.0780204224
36,56,LEU,105,LEU,0.0788131160
37,57,GLU,106,HIS,0.0717772772
38,58,GLU,107,GLU,0.0637320451
39,59,THR,108,HIS,0.0605061568
40,60,VAL,109,GLN,0.0682019545
41,61,ALA,110,ALA,0.0679706071
42,62,LEU,111,ILE,0.0570941947
43,63,ARG,112,GLN,0.0654860298
44,64,ILE,113,ILE,0.0726100769
45,65,ILE,114,LEU,0.0587372870
46,66,THR,115,LYS,0.0556215712
47,67,GLU,116,GLN,0.0652607000
48,68,GLY,117,ALA,0.0956099578
49,69,ALA,118,THR,0.0631666586
50,70,SER,119,HIS,0.0672214107
51,71,ILE,120,LEU,0.0694671893
52,72,LEU,121,LEU,0.0713174840
53,73,ARG,122,SER,0.0663552871
54,74,GLN,123,LYS,0.0582478648
55,75,GLU,124,GLU,0.0554276127
56,76,LYS,125,PRO,0.0530028852
57,77,ASN,126,ASN,0.0548889497
58,78,LEU,127,LEU,0.0422554901
59,79,LEU,128,LEU,0.0383634585
60,80,ASP,129,SER,0.0330810960
61,81,ILE,130,VAL,0.0343370393
62,82,ASP,131,PRO,0.0351110059
63,83,ALA,132,ALA,0.0408561219
64,84,PRO,133,PRO,0.0472110456
65,85,VAL,134,VAL,0.0493490977
66,86,THR,135,THR,0.0667182878
67,87,VAL,136,ILE,0.0735409103
68,88,CYS,137,CYS,0.0596181112
69,89,GLY,138,GLY,0.0504450828
70,90,ASP,139,ASP,0.0448672125
71,91,ILE,140,VAL,0.0501818041
72,92,HIS,141,HIS,0.0518800220
73,93,GLY,142,GLY,0.0576269920
74,94,GLN,143,GLN,0.0499451396
75,95,PHE,144,TYR,0.0520712527
76,96,PHE,145,TYR,0.0456400043
77,97,ASP,146,ASP,0.0402185740
78,98,LEU,147,LEU,0.0426152748
79,99,MET,148,MET,0.0409044541
80,100,LYS,149,LYS,0.0426093836
81,101,LEU,150,LEU,0.0461132324
82,102,PHE,151,PHE,0.0490187353
83,103,GLU,152,GLU,0.0495105146
84,104,VAL,153,VAL,0.0619331237
85,105,GLY,154,GLY,0.0613196286
86,106,GLY,155,GLY,0.0646154970
87,107,SER,156,ASP,0.0618774608
88,108,PRO,157,PRO,0.0611937229
89,109,ALA,158,ALA,0.0614948492
90,110,ASN,159,SER,0.0529264692
91,111,THR,160,THR,0.0634016190
92,112,ARG,161,LYS,0.0554797354
93,113,TYR,162,TYR,0.0726649248
94,114,LEU,163,LEU,0.0938500029
95,115,PHE,164,PHE,0.1194440114
96,116,LEU,165,LEU,0.0952878967
97,117,GLY,166,GLY,0.0714365138
98,118,ASP,167,ASP,0.0618360108
99,119,TYR,168,TYR,0.0727458777
100,120,VAL,169,VAL,0.0597707448
101,121,ASP,170,ASP,0.0532732264
102,122,ARG,171,ARG,0.0575759296
103,123,GLY,172,GLY,0.0610034006
104,124,TYR,173,SER,0.0554127886
105,125,PHE,174,PHE,0.0634983703
106,126,SER,175,SER,0.0652024199
107,127,ILE,176,ILE,0.0739908632
108,128,GLU,177,GLU,0.0809473261
109,129,CYS,178,CYS,0.0784038764
110,130,VAL,179,LEU,0.0750665262
111,131,LEU,180,LEU,0.0906786336
112,132,TYR,181,TYR,0.0989090887
113,133,LEU,182,LEU,0.0859183601
114,134,TRP,183,TYR,0.0595957607
115,135,ALA,184,SER,0.0668008051
116,136,LEU,185,LEU,0.0660264481
117,137,LYS,186,LYS,0.0564049146
118,138,ILE,187,ILE,0.0674511547
119,139,LEU,188,ASN,0.0703092158
120,140,TYR,189,TYR,0.0511001885
121,141,PRO,190,PRO,0.0418335770
122,142,LYS,191,ASP,0.0325254584
123,143,THR,192,THR,0.0444450126
124,144,LEU,193,PHE,0.0714342872
125,145,PHE,194,TRP,0.0641360692
126,146,LEU,195,MET,0.0837561531
127,147,LEU,196,LEU,0.0793762190
128,148,ARG,197,ARG,0.0737959146
129,149,GLY,198,GLY,0.0672828343
130,150,ASN,199,ASN,0.0563781364
131,151,HIS,200,HIS,0.0565094903
132,152,GLU,201,GLU,0.0614083026
133,153,CYS,202,CYS,0.0600918897
134,154,ARG,203,ARG,0.0590199685
135,155,HIS,204,HIS,0.0541952700
136,156,LEU,205,LEU,0.0504202446
137,157,THR,206,THR,0.0544442079
138,158,GLU,207,GLU,0.0530138370
139,159,TYR,208,TYR,0.0475245505
140,160,PHE,209,PHE,0.0493049049
141,161,THR,210,THR,0.0504780501
142,162,PHE,211,PHE,0.0597747421
143,163,LYS,212,LYS,0.0565526996
144,164,GLN,213,ASN,0.0539695765
145,165,GLU,214,GLU,0.0638890158
146,166,CYS,215,CYS,0.0641319138
147,167,LYS,216,LEU,0.0654345620
148,168,ILE,217,HIS,0.0706954549
149,169,LYS,218,LYS,0.0753223496
150,170,TYR,219,TYR,0.0701337929
151,171,SER,220,SER,0.0614605063
152,172,GLU,221,GLU,0.0594379954
153,173,ARG,222,GLU,0.0577672153
154,174,VAL,223,LEU,0.0616911772
155,175,TYR,224,TYR,0.0607299435
156,176,ASP,225,GLU,0.0592935525
157,177,ALA,226,GLU,0.0583561673
158,178,CYS,227,CYS,0.0565930475
159,179,MET,228,LEU,0.0616496494
160,180,ASP,229,VAL,0.0696943185
161,181,ALA,230,SER,0.0657548001
162,182,PHE,231,PHE,0.0610660953
163,183,ASP,232,ASN,0.0688992554
164,184,CYS,233,ALA,0.0734345911
165,185,LEU,234,LEU,0.0692480395
166,186,PRO,235,PRO,0.0637236600
167,187,LEU,236,LEU,0.0615188909
168,188,ALA,237,ALA,0.0434371466
169,189,ALA,238,ALA,0.0362993704
170,190,LEU,239,ILE,0.0349107367
171,191,MET,240,MET,0.0374395802
172,192,ASN,241,ASN,0.0371467314
173,193,GLN,242,GLU,0.0363661014
174,194,GLN,243,GLN,0.0404793433
175,195,PHE,244,PHE,0.0399110741
176,196,LEU,245,PHE,0.0395163304
177,197,CYS,246,CYS,0.0373308108
178,198,VAL,247,VAL,0.0491322543
179,199,HIS,248,HIS,0.0612197476
180,200,GLY,249,GLY,0.0397966306
181,201,GLY,250,GLY,0.0254992050
182,202,LEU,251,LEU,0.0422242753
183,203,SER,252,SER,0.0384032341
184,204,PRO,253,PRO,0.0440513761
185,205,GLU,254,GLN,0.0363613854
186,206,ILE,255,LEU,0.0427265431
187,207,ASN,256,THR,0.0328457227
188,208,THR,257,SER,0.0332228404
189,209,LEU,258,LEU,0.0350761821
190,210,ASP,259,ASP,0.0376544265
191,211,ASP,260,SER,0.0399455825
192,212,ILE,261,LEU,0.0429948098
193,213,ARG,262,ARG,0.0462663547
194,214,LYS,263,LYS,0.0504886649
195,215,LEU,264,LEU,0.0586798480
196,216,ASP,265,HIS,0.0684910223
197,217,ARG,266,ARG,0.0787365398
198,218,PHE,267,PHE,0.0792558240
199,219,LYS,268,ARG,0.0735965910
200,220,GLU,269,GLU,0.0646991727
201,221,PRO,270,PRO,0.0570559450
202,222,PRO,271,PRO,0.0527697976
203,223,ALA,272,THR,0.0431754257
204,224,TYR,273,LYS,0.0377279822
205,225,GLY,274,GLY,0.0384149885
206,226,PRO,275,LEU,0.0392866960
207,227,MET,276,MET,0.0526544500
208,228,CYS,277,CYS,0.0435031754
209,229,ASP,278,ASP,0.0311241556
210,230,ILE,279,LEU,0.0361757239
211,231,LEU,280,LEU,0.0406096119
212,232,TRP,281,TRP,0.0274536791
213,233,SER,282,ALA,0.0276350174
214,234,ASP,283,ASP,0.0336433228
215,235,PRO,284,PRO,0.0397863291
216,236,LEU,285,ILE,0.0362209824
217,237,GLU,286,GLU,0.0534584705
218,238,ASP,287,GLU,0.0605398936
219,239,PHE,288,TYR,0.0605360272
220,240,GLY,289,ASP,0.0723928706
221,241,ASN,290,ASP,0.0728342357
222,242,GLU,291,ASP,0.1418542014
223,243,LYS,292,ASN,0.0878774179
224,244,THR,293,LEU,0.0701333588
225,245,GLN,294,ASP,0.0500531462
226,246,GLU,295,GLN,0.0516490210
227,247,HIS,296,GLU,0.0579881102
228,248,PHE,297,TYR,0.0413063595
229,249,THR,298,VAL,0.0385568601
230,250,HIS,299,THR,0.0269683690
231,251,ASN,300,ASN,0.0245561246
232,252,THR,301,VAL,0.0238609986
233,253,VAL,302,VAL,0.0244180834
234,254,ARG,303,ARG,0.0250379389
235,255,GLY,304,GLY,0.0267304949
236,256,CYS,305,CYS,0.0279196067
237,257,SER,306,SER,0.0256564614
238,258,TYR,307,PHE,0.0320341209
239,259,PHE,308,ALA,0.0294789459
240,260,TYR,309,PHE,0.0392297135
241,261,SER,310,THR,0.0526601115
242,262,TYR,311,TYR,0.0642352136
243,263,PRO,312,LYS,0.0507203395
244,264,ALA,313,ALA,0.0546808520
245,265,VAL,314,ALA,0.0607018608
246,266,CYS,315,CYS,0.0588312805
247,267,GLU,316,LYS,0.0616483115
248,268,PHE,317,PHE,0.0511368982
249,269,LEU,318,LEU,0.0468930757
250,270,GLN,319,ASP,0.0451079064
251,271,HIS,320,ARG,0.0415379964
252,272,ASN,321,THR,0.0400082423
253,273,ASN,322,LYS,0.0399504802
254,274,LEU,323,LEU,0.0455981323
255,275,LEU,324,LEU,0.0466216542
256,276,SER,325,SER,0.0465295490
257,277,ILE,326,VAL,0.0451141987
258,278,LEU,327,ILE,0.0537180625
259,279,ARG,328,ARG,0.0565481849
260,280,ALA,329,ALA,0.0504645995
261,281,HIS,330,HIS,0.0412182024
262,282,GLU,331,GLU,0.0401212666
263,283,ALA,332,ALA,0.0420488082
264,284,GLN,333,GLN,0.0518021121
265,285,ASP,334,ASN,0.0548191237
266,286,ALA,335,ALA,0.0657870596
267,287,GLY,336,GLY,0.0619395588
268,288,TYR,337,TYR,0.0747215352
269,289,ARG,338,ARG,0.0789975831
270,290,MET,339,MET,0.0860561336
271,291,TYR,340,TYR,0.0756306171
272,292,ARG,341,LYS,0.0776404280
273,293,LYS,342,ARG,0.0686916959
274,294,SER,343,THR,0.0571648834
275,295,GLN,344,LYS,0.0691692089
276,296,THR,345,THR,0.0624618585
277,297,THR,346,MET,0.0632642020
278,298,GLY,347,GLY,0.0842158268
279,299,PHE,348,PHE,0.0791916224
280,300,PRO,349,PRO,0.0670316972
281,301,SER,350,SER,0.0492096821
282,302,LEU,351,LEU,0.0505345869
283,303,ILE,352,LEU,0.0731820747
284,304,THR,353,THR,0.0730206770
285,305,ILE,354,MET,0.0696063782
286,306,PHE,355,PHE,0.0480720561
287,307,SER,356,SER,0.0433438145
288,308,ALA,357,ALA,0.0411409362
289,309,PRO,358,PRO,0.0417703275
290,310,ASN,359,ASN,0.0401608838
291,311,TYR,360,TYR,0.0391225143
292,312,LEU,361,LEU,0.0385571549
293,313,ASP,362,ASP,0.0399541990
294,314,VAL,363,SER,0.0344952279
295,315,TYR,364,TYR,0.0371431071
296,316,ASN,365,ASN,0.0392373694
297,317,ASN,366,ASN,0.0439826481
298,318,LYS,367,LYS,0.0536587143
299,319,ALA,368,ALA,0.0549956708
300,320,ALA,369,ALA,0.0697874693
301,321,VAL,370,VAL,0.0729207035
302,322,LEU,371,LEU,0.0808623560
303,323,LYS,372,LYS,0.0709518523
304,324,TYR,373,TYR,0.0645842443
305,325,GLU,374,GLU,0.0622191597
306,326,ASN,375,ASN,0.0602789865
307,327,ASN,376,ASN,0.0619104882
308,328,VAL,377,VAL,0.0702223480
309,329,MET,378,MET,0.0684567710
310,330,ASN,379,ASN,0.0765879328
311,331,ILE,380,ILE,0.0846200075
312,332,ARG,381,ARG,0.0810659819
313,333,GLN,382,GLN,0.0737443004
314,334,PHE,383,PHE,0.0583261868
315,335,ASN,384,ASN,0.0483805872
316,336,CYS,385,ALA,0.0406612017
317,337,SER,386,SER,0.0399792256
318,338,PRO,387,PRO,0.0439475753
319,339,HIS,388,HIS,0.0472538393
320,340,PRO,389,PRO,0.0499310059
321,341,TYR,390,TYR,0.0493545128
322,342,TRP,391,TRP,0.0541411402
323,343,LEU,392,LEU,0.0594410710
324,344,PRO,393,PRO,0.0552697328
325,345,ASN,394,HIS,0.0666014235
326,346,PHE,395,PHE,0.0691308169
327,347,MET,396,MET,0.0677713313
328,348,ASP,397,ASP,0.0828862188
329,349,VAL,398,VAL,0.0898968550
330,350,PHE,399,PHE,0.1056485068
331,351,THR,400,THR,0.0882006488
332,352,TRP,401,TRP,0.0858301285
333,353,SER,402,SER,0.1043335373
334,354,LEU,403,LEU,0.0383903897
335,355,PRO,404,PRO,0.0260037860
336,356,PHE,405,PHE,0.0802480748
337,357,VAL,406,VAL,0.0639775772
338,358,GLY,407,GLY,0.0409439644
339,359,GLU,408,GLU,0.0544509428
340,360,LYS,409,LYS,0.0712604382
341,361,VAL,410,VAL,0.0569873033
342,362,THR,411,THR,0.0641845124
343,363,GLU,412,ASP,0.0686702031
344,364,MET,413,MET,0.0647669043
345,365,LEU,414,LEU,0.0849869091
346,366,VAL,415,VAL,0.0916382097
347,367,ASN,416,SER,0.0882664161
348,368,VAL,417,ILE,0.0936274801
349,369,LEU,418,LEU,0.0955070412
350,370,ASN,419,ASN,0.0934587368
351,371,ILE,420,VAL,0.0952170573
352,372,CYS,421,CYS,0.1036856402
