Bos residue,Residue,Candida residue,Residue
1,Gly,5,Leu
2,Val,6,Pro
3,Gln,7,Gln
4,Val,8,Ile
5,Glu,9,Glu
6,Thr,10,Ile
7,Ile,11,Val
8,Ser,12,Gln
9,Pro,13,Glu
10,Gly,14,Gly
11,Asp,15,Asp
12,Gly,16,Asn
13,Arg,17,Thr
14,Thr,18,Thr
15,Phe,19,Phe
16,Pro,20,Ala
17,Lys,21,Lys
18,Ala,22,Pro
19,Gly,23,Gly
20,Gln,24,Asp
21,Thr,25,Thr
22,Cys,26,Val
23,Val,27,Thr
24,Val,28,Ile
25,His,29,His
26,Tyr,30,Tyr
27,Thr,31,Asp
28,Gly,32,Gly
29,Met,33,Lys
30,Leu,34,Leu
31,Glu,35,Thr
32,Asp,36,Asn
33,Gly,37,Gly
34,Lys,38,Lys
35,Lys,39,Glu
36,Phe,40,Phe
37,Asp,41,Asp
38,Ser,42,Ser
39,Ser,43,Ser
40,Arg,44,Arg
41,Asp,45,Lys
42,Arg,46,Arg
43,Asn,47,Gly
44,Lys,48,Lys
45,Pro,49,Pro
46,Phe,50,Phe
47,Lys,51,Thr
48,Phe,52,Cys
49,Met,53,Thr
50,Leu,54,Val
51,Gly,55,Gly
52,Lys,56,Val
53,Gln,57,Gly
54,Glu,58,Gln
55,Val,59,Val
56,Ile,60,Ile
57,Arg,61,Lys
58,Gly,62,Gly
59,Trp,63,Trp
60,Glu,64,Asp
61,Glu,65,Ile
62,Gly,66,Ser
63,Val,67,Leu
64,Ala,68,Thr
65,Gln,80,Lys
66,Met,81,Ile
67,Ser,82,Ser
68,Val,83,Lys
69,Gly,84,Gly
70,Gln,85,Thr
71,Arg,86,Lys
72,Ala,87,Ala
73,Lys,88,Ile
74,Leu,89,Leu
75,Thr,90,Thr
76,Ile,91,Ile
77,Ser,92,Pro
78,Pro,93,Pro
79,Asp,94,Asn
80,Tyr,95,Leu
81,Ala,96,Ala
82,Tyr,97,Tyr
83,Gly,98,Gly
84,Ala,99,Pro
85,Thr,100,Arg
86,Gly,101,Gly
87,His,102,Ile
88,Pro,103,Pro
89,Gly,104,Pro
90,Ile,105,Ile
91,Ile,106,Ile
92,Pro,107,Gly
93,Pro,108,Pro
94,His,109,Asn
95,Ala,110,Glu
96,Thr,111,Thr
97,Leu,112,Leu
98,Val,113,Val
99,Phe,114,Phe
100,Asp,115,Glu
101,Val,116,Val
102,Glu,117,Glu
103,Leu,118,Leu
104,Leu,119,Leu
105,Lys,120,Gly
