Bos residue,Residue,Candida residue,Residue.1,Dynamic_Difference
1,Gly,5,Leu,0.09835827071211437
2,Val,6,Pro,0.0527643636764475
3,Gln,7,Gln,0.05614517427573141
4,Val,8,Ile,0.06935936762343281
5,Glu,9,Glu,0.09526995023882245
6,Thr,10,Ile,0.06644233211114332
7,Ile,11,Val,0.06834782626968808
8,Ser,12,Gln,0.05734135185440735
9,Pro,13,Glu,0.13929693088137102
10,Gly,14,Gly,0.08237152165269458
11,Asp,15,Asp,0.07275987074999507
12,Gly,16,Asn,0.08899937339520185
13,Arg,17,Thr,0.14880661621840505
14,Thr,18,Thr,0.09586802435576468
15,Phe,19,Phe,0.07134092776629579
16,Pro,20,Ala,0.07216707532078519
17,Lys,21,Lys,0.07454781691281064
18,Ala,22,Pro,0.0886437839724052
19,Gly,23,Gly,0.10093031700443025
20,Gln,24,Asp,0.07292703629767808
21,Thr,25,Thr,0.07442626085574718
22,Cys,26,Val,0.06570856778081173
23,Val,27,Thr,0.043394197014476776
24,Val,28,Ile,0.04471137387039238
25,His,29,His,0.05599043414487177
26,Tyr,30,Tyr,0.05787156783443502
27,Thr,31,Asp,0.08028353025163197
28,Gly,32,Gly,0.054562325452864636
29,Met,33,Lys,0.047711235205136225
30,Leu,34,Leu,0.03935265577371959
31,Glu,35,Thr,0.0637816942678713
32,Asp,36,Asn,0.06792049732644093
33,Gly,37,Gly,0.08685560397442509
34,Lys,38,Lys,0.0783821739055707
35,Lys,39,Glu,0.05631360802080178
36,Phe,40,Phe,0.052922466594142584
37,Asp,41,Asp,0.04762579896083645
38,Ser,42,Ser,0.0886024201006295
39,Ser,43,Ser,0.052777861665936884
40,Arg,44,Arg,0.07725309322038576
41,Asp,45,Lys,0.03822109167529736
42,Arg,46,Arg,0.03364501217750948
43,Asn,47,Gly,0.029733600929642452
44,Lys,48,Lys,0.023740672580811233
45,Pro,49,Pro,0.07002961012380898
46,Phe,50,Phe,0.06055926441907185
47,Lys,51,Thr,0.0538916002171635
48,Phe,52,Cys,0.07964676989733402
49,Met,53,Thr,0.08357997929645139
50,Leu,54,Val,0.11267952463583053
51,Gly,55,Gly,0.10766253599465449
52,Lys,56,Val,0.11783454576042952
53,Gln,57,Gly,0.08420239948734955
54,Glu,58,Gln,0.06457109606030702
55,Val,59,Val,0.09358036330727652
56,Ile,60,Ile,0.09344393130337089
57,Arg,61,Lys,0.07942613958430302
58,Gly,62,Gly,0.0760059489642526
59,Trp,63,Trp,0.09171646662773912
60,Glu,64,Asp,0.09317923735258321
61,Glu,65,Ile,0.08398104601204427
62,Gly,66,Ser,0.08222651896343797
63,Val,67,Leu,0.13830789519480702
64,Ala,68,Thr,0.12025385816082153
65,Gln,80,Lys,0.2026672409450932
66,Met,81,Ile,0.14179786185194782
67,Ser,82,Ser,0.09622436813191357
68,Val,83,Lys,0.0782970488000746
69,Gly,84,Gly,0.06804368618178955
70,Gln,85,Thr,0.07510627970587763
71,Arg,86,Lys,0.061886361956471236
72,Ala,87,Ala,0.08258796127744725
73,Lys,88,Ile,0.07768027005571801
74,Leu,89,Leu,0.07844688024179629
75,Thr,90,Thr,0.07428558819153848
76,Ile,91,Ile,0.07042604261674681
77,Ser,92,Pro,0.07892953677572322
78,Pro,93,Pro,0.08712473425966842
79,Asp,94,Asn,0.08240946145435245
80,Tyr,95,Leu,0.06441118098251199
81,Ala,96,Ala,0.06676761839088335
82,Tyr,97,Tyr,0.059497214122440564
83,Gly,98,Gly,0.07156454818747099
84,Ala,99,Pro,0.03810826001982448
85,Thr,100,Arg,0.033846227729298795
86,Gly,101,Gly,0.05463472408483667
87,His,102,Ile,0.0550929767181921
88,Pro,103,Pro,0.029413226667239827
89,Gly,104,Pro,0.027219806365117824
90,Ile,105,Ile,0.030017016578562157
91,Ile,106,Ile,0.06600536183313568
92,Pro,107,Gly,0.05177433048541646
93,Pro,108,Pro,0.05377777076742608
94,His,109,Asn,0.0698088364844379
95,Ala,110,Glu,0.07186354403427496
96,Thr,111,Thr,0.09168058527816826
97,Leu,112,Leu,0.0882518735235436
98,Val,113,Val,0.07563900273924178
99,Phe,114,Phe,0.07447997764164153
100,Asp,115,Glu,0.07527470984687445
101,Val,116,Val,0.0735936316519778
102,Glu,117,Glu,0.06373863531955266
103,Leu,118,Leu,0.06388959947066596
104,Leu,119,Leu,0.0522266208400506
105,Lys,120,Gly,0.05738545478764223
