Bos residue,Residue (B),Candida residue,Residue (B).1,Dynamic_Difference
74,Phe,77,Phe,0.18299736571643074
77,Gly,80,Gly,0.15964111366306763
78,Val,81,Leu,0.14670678347904792
54,Val,57,Ala,0.1388441973912352
73,Glu,76,Glu,0.1352116755634861
70,Asp,73,Asp,0.13006384805676757
53,Leu,56,Leu,0.1268734627992152
69,Val,72,Ile,0.12559575295735692
24,Lys,27,Lys,0.12379368783293287
166,Val,169,Thr,0.12313605201239247
93,Phe,96,Phe,0.12265301429950778
61,Phe,64,Phe,0.12228814497886693
16,Ala,19,Ile,0.12164924068171848
89,Gln,92,Asn,0.1193598249701357
52,Pro,55,Pro,0.11846832115311035
57,Val,60,Leu,0.11746124512626058
28,Lys,31,Lys,0.11600026095223945
55,Gln,58,Thr,0.1158144021962847
92,Arg,95,Arg,0.11569737903631502
25,Arg,28,Arg,0.11462989434992636
