Bos residue,Residue (B),Candida residue,Residue (B)
16,Ala,19,Ile
17,Asp,20,Glu
18,Glu,21,Glu
19,Ile,22,Ile
20,Lys,23,Asp
21,Arg,24,Arg
22,Leu,25,Leu
23,Gly,26,Arg
24,Lys,27,Lys
25,Arg,28,Arg
26,Phe,29,Phe
27,Lys,30,Met
28,Lys,31,Lys
29,Leu,32,Leu
37,Leu,40,Ile
38,Ser,41,Asp
39,Val,42,Lys
40,Glu,43,Gln
41,Glu,44,Glu
42,Phe,45,Phe
43,Met,46,Leu
44,Ser,47,Ser
45,Leu,48,Ile
46,Pro,49,Pro
47,Glu,50,Gly
48,Leu,51,Ile
49,Gln,52,Ser
50,Gln,53,Ser
51,Asn,54,Asn
52,Pro,55,Pro
53,Leu,56,Leu
54,Val,57,Ala
55,Gln,58,Thr
56,Arg,59,Arg
57,Val,60,Leu
58,Ile,61,Met
59,Asp,62,Asp
60,Ile,63,Val
61,Phe,64,Phe
62,Asp,65,Asp
63,Lys,66,Thr
64,Asp,67,Asp
65,Gly,68,Gly
66,Asn,69,Asp
67,Gly,70,Gly
68,Glu,71,Ser
69,Val,72,Ile
70,Asp,73,Asp
71,Phe,74,Phe
72,Lys,75,Glu
73,Glu,76,Glu
74,Phe,77,Phe
75,Ile,78,Ile
76,Glu,79,Thr
77,Gly,80,Gly
78,Val,81,Leu
79,Ser,82,Ser
80,Gln,83,Ala
81,Phe,84,Phe
85,Gly,88,Ser
86,Asp,89,Asp
87,Lys,90,Asn
88,Glu,91,Leu
89,Gln,92,Asn
90,Lys,93,Lys
91,Leu,94,Leu
92,Arg,95,Arg
93,Phe,96,Phe
94,Ala,97,Ala
95,Phe,98,Phe
96,Arg,99,Asn
97,Ile,100,Ile
98,Tyr,101,Tyr
99,Asp,102,Asp
100,Met,103,Ile
101,Asp,104,Asp
102,Lys,105,Arg
103,Asp,106,Asp
104,Gly,107,Gly
105,Tyr,108,Tyr
106,Ile,109,Ile
107,Ser,110,Gly
108,Asn,111,Asn
109,Gly,112,Gly
110,Glu,113,Glu
111,Leu,114,Leu
112,Phe,115,Phe
113,Gln,116,Ile
114,Val,117,Val
115,Leu,118,Met
116,Lys,119,Lys
117,Met,120,Met
118,Met,121,Met
119,Val,122,Val
120,Gly,123,Gly
121,Asn,124,Lys
122,Asn,125,Asn
123,Leu,126,Leu
124,Lys,127,Lys
125,Asp,128,Asp
126,Thr,129,Glu
127,Gln,130,Glu
128,Leu,131,Leu
129,Gln,132,Gln
130,Gln,133,Gln
131,Ile,134,Ile
132,Val,135,Val
133,Asp,136,Asp
134,Lys,137,Lys
135,Thr,138,Thr
136,Ile,139,Leu
137,Ile,140,Met
138,Asn,141,Glu
139,Ala,142,Ala
140,Asp,143,Asp
141,Lys,144,Leu
142,Asp,145,Asp
143,Gly,146,Gly
144,Asp,147,Asp
145,Gly,148,Gly
146,Arg,149,Lys
147,Ile,150,Leu
148,Ser,151,Asn
149,Phe,152,Phe
150,Glu,153,Glu
151,Glu,154,Glu
152,Phe,155,Phe
153,Cys,156,Lys
154,Ala,157,Asn
155,Val,158,Ala
156,Val,159,Val
157,Gly,160,Asn
158,Gly,161,Thr
159,Leu,162,Asp
160,Asp,163,Thr
161,Ile,164,Ile
162,His,165,Ala
163,Lys,166,Asn
164,Lys,167,Thr
165,Met,168,Leu
166,Val,169,Thr
