Bos residue,Residue (B),Candida residue,Residue (B).1,Dynamic_Difference
16,Ala,19,Ile,0.12164924068171848
17,Asp,20,Glu,0.08489458150587434
18,Glu,21,Glu,0.07490617352882989
19,Ile,22,Ile,0.07643353117849669
20,Lys,23,Asp,0.08838652609291002
21,Arg,24,Arg,0.10511522062401511
22,Leu,25,Leu,0.10697744945235145
23,Gly,26,Arg,0.09507001056228108
24,Lys,27,Lys,0.12379368783293287
25,Arg,28,Arg,0.11462989434992636
26,Phe,29,Phe,0.10902196551894987
27,Lys,30,Met,0.1022916901418635
28,Lys,31,Lys,0.11600026095223945
29,Leu,32,Leu,0.10464827145159265
37,Leu,40,Ile,0.10400677388418732
38,Ser,41,Asp,0.09366088263086401
39,Val,42,Lys,0.09907383608526538
40,Glu,43,Gln,0.07917747416747284
41,Glu,44,Glu,0.09033644039447809
42,Phe,45,Phe,0.10945581709148591
43,Met,46,Leu,0.09403625353000326
44,Ser,47,Ser,0.09731075026330302
45,Leu,48,Ile,0.09473527072836554
46,Pro,49,Pro,0.06923967177722347
47,Glu,50,Gly,0.05324253282050843
48,Leu,51,Ile,0.11393130321402876
49,Gln,52,Ser,0.10635381575016047
50,Gln,53,Ser,0.09746440574325178
51,Asn,54,Asn,0.08292087886935295
52,Pro,55,Pro,0.11846832115311035
53,Leu,56,Leu,0.1268734627992152
54,Val,57,Ala,0.1388441973912352
55,Gln,58,Thr,0.1158144021962847
56,Arg,59,Arg,0.10370675872211288
57,Val,60,Leu,0.11746124512626058
58,Ile,61,Met,0.10959741067071503
59,Asp,62,Asp,0.09043215210918451
60,Ile,63,Val,0.10309238848290274
61,Phe,64,Phe,0.12228814497886693
62,Asp,65,Asp,0.08857395386622037
63,Lys,66,Thr,0.08811974231072993
64,Asp,67,Asp,0.07488435138435504
65,Gly,68,Gly,0.06919835977891049
66,Asn,69,Asp,0.07179364611374729
67,Gly,70,Gly,0.08160129354508265
68,Glu,71,Ser,0.08450703376119775
69,Val,72,Ile,0.12559575295735692
70,Asp,73,Asp,0.13006384805676757
71,Phe,74,Phe,0.08284137555756929
72,Lys,75,Glu,0.0889965702408869
73,Glu,76,Glu,0.1352116755634861
74,Phe,77,Phe,0.18299736571643074
75,Ile,78,Ile,0.08916586244412275
76,Glu,79,Thr,0.10366939532188996
77,Gly,80,Gly,0.15964111366306763
78,Val,81,Leu,0.14670678347904792
79,Ser,82,Ser,0.08525096859495887
80,Gln,83,Ala,0.10872867196404475
81,Phe,84,Phe,0.10680175957761438
85,Gly,88,Ser,0.09430486954578074
86,Asp,89,Asp,0.07127044770568441
87,Lys,90,Asn,0.07613067586659383
88,Glu,91,Leu,0.09738969807092467
89,Gln,92,Asn,0.1193598249701357
90,Lys,93,Lys,0.11157705580261809
91,Leu,94,Leu,0.0953783298719564
92,Arg,95,Arg,0.11569737903631502
93,Phe,96,Phe,0.12265301429950778
94,Ala,97,Ala,0.08797060179769604
95,Phe,98,Phe,0.09175567040261118
96,Arg,99,Asn,0.0998802841058645
97,Ile,100,Ile,0.08484575726683777
98,Tyr,101,Tyr,0.054291943233771005
99,Asp,102,Asp,0.08895815763169516
100,Met,103,Ile,0.08064640117877796
101,Asp,104,Asp,0.08371831328057833
102,Lys,105,Arg,0.09941435467061939
103,Asp,106,Asp,0.08767665229638401
104,Gly,107,Gly,0.08811029981274082
105,Tyr,108,Tyr,0.07649010441089832
106,Ile,109,Ile,0.06532491871913554
107,Ser,110,Gly,0.0529462690336462
108,Asn,111,Asn,0.05184638420177608
109,Gly,112,Gly,0.04874061173519196
110,Glu,113,Glu,0.05187497581889378
111,Leu,114,Leu,0.05600910594922376
112,Phe,115,Phe,0.06748949981411785
113,Gln,116,Ile,0.05819262051782035
114,Val,117,Val,0.04452180491659017
115,Leu,118,Met,0.0699169996308865
116,Lys,119,Lys,0.06354540438187306
117,Met,120,Met,0.06680757197352422
118,Met,121,Met,0.051408150080847634
119,Val,122,Val,0.06672596920108155
120,Gly,123,Gly,0.06862446995226784
121,Asn,124,Lys,0.06567779735573807
122,Asn,125,Asn,0.06407927481691467
123,Leu,126,Leu,0.07844142800849371
124,Lys,127,Lys,0.07452266106195482
125,Asp,128,Asp,0.0844304854864658
126,Thr,129,Glu,0.07835036232606823
127,Gln,130,Glu,0.08002434455907809
128,Leu,131,Leu,0.08790095765222795
129,Gln,132,Gln,0.08168509196741808
130,Gln,133,Gln,0.08025279607065645
131,Ile,134,Ile,0.0889806774953999
132,Val,135,Val,0.09018253952368102
133,Asp,136,Asp,0.07863946901361052
134,Lys,137,Lys,0.07370234490049342
135,Thr,138,Thr,0.08107532996863791
136,Ile,139,Leu,0.06707674760962401
137,Ile,140,Met,0.07587707457218536
138,Asn,141,Glu,0.06789239711120637
139,Ala,142,Ala,0.05962000112636248
140,Asp,143,Asp,0.0634631895378031
141,Lys,144,Leu,0.0613748712353099
142,Asp,145,Asp,0.07494421191403908
143,Gly,146,Gly,0.06604067462925317
144,Asp,147,Asp,0.06591189746441697
145,Gly,148,Gly,0.05743313009985756
146,Arg,149,Lys,0.05886150897947009
147,Ile,150,Leu,0.05341526820318891
148,Ser,151,Asn,0.06887446146310963
149,Phe,152,Phe,0.06816811729674967
150,Glu,153,Glu,0.06515792390048973
151,Glu,154,Glu,0.05320180313158489
152,Phe,155,Phe,0.041937696428348735
153,Cys,156,Lys,0.05038363062493319
154,Ala,157,Asn,0.04713959244582516
155,Val,158,Ala,0.04711863498597076
156,Val,159,Val,0.06141759711609901
157,Gly,160,Asn,0.10843590289110226
158,Gly,161,Thr,0.07482684206044675
159,Leu,162,Asp,0.08865852984377144
160,Asp,163,Thr,0.05576746215966107
161,Ile,164,Ile,0.05868501186696667
162,His,165,Ala,0.09086500049521712
163,Lys,166,Asn,0.07840840019914518
164,Lys,167,Thr,0.07618720021835508
165,Met,168,Leu,0.0953293643810193
166,Val,169,Thr,0.12313605201239247
