Bos residue,Residue (A),Candida residue,Residue (A).1,Dynamic_Difference
21,Val,70,Val,0.07220875483044674
22,Pro,71,Asp,0.04675523550335504
23,Phe,72,Pro,0.04859949823369585
24,Pro,73,Pro,0.04813686335421337
25,Pro,74,Ala,0.056951405016763684
26,Ser,75,Thr,0.07402738413210565
27,His,76,Phe,0.11201541991620033
28,Arg,77,Lys,0.08803879573114946
29,Leu,78,Pro,0.0727795212632022
30,Thr,79,Lys,0.05242854388622787
31,Ala,80,Asp,0.0685908510782332
32,Lys,81,Glu,0.06181454300924732
33,Glu,82,Gln,0.07066214386697102
34,Val,83,Val,0.11674302781618504
35,Phe,84,Phe,0.11120962136413856
36,Pro,85,Tyr,0.0814834100677664
37,Asn,86,Pro,0.09864595208341037
38,Asp,87,Asn,0.10958928870518254
39,Gly,88,Gly,0.1391851076784306
40,Lys,89,Lys,0.16358314784398117
41,Pro,90,Pro,0.15892229618933082
42,Arg,91,Asn,0.12923735685064214
43,Val,92,His,0.1059460616590668
44,Asp,93,Gln,0.08552659330357883
45,Ile,94,Phe,0.0863192264544231
46,Leu,95,Leu,0.09074339088132599
47,Lys,96,Lys,0.0666741727008218
48,Ala,97,Gln,0.062053436171665415
49,His,98,His,0.07379095432303995
50,Leu,99,Phe,0.06750216706884181
51,Met,100,Ile,0.05505273831301502
52,Lys,101,His,0.06298522403247589
53,Glu,102,Glu,0.06573984445953211
54,Gly,103,Gly,0.077492990975847
55,Arg,104,Arg,0.07711199377946308
56,Leu,105,Leu,0.0785150285883141
57,Glu,106,His,0.0712455749614991
58,Glu,107,Glu,0.06333515983034779
59,Thr,108,His,0.061661394765876405
60,Val,109,Gln,0.06913461042713981
61,Ala,110,Ala,0.06850855582183057
62,Leu,111,Ile,0.05838198062601126
63,Arg,112,Gln,0.0672079296072988
64,Ile,113,Ile,0.07316417562023415
65,Ile,114,Leu,0.05936890131984789
66,Thr,115,Lys,0.057782381359006464
67,Glu,116,Gln,0.06821216162255589
68,Gly,117,Ala,0.09517101806291799
69,Ala,118,Thr,0.06792796089310675
70,Ser,119,His,0.0703171742141266
71,Ile,120,Leu,0.07347656350352803
72,Leu,121,Leu,0.07887483328528368
73,Arg,122,Ser,0.07282352699901398
74,Gln,123,Lys,0.06352720616031503
75,Glu,124,Glu,0.06002666997569457
76,Lys,125,Pro,0.053309920547042845
77,Asn,126,Asn,0.054635103468999316
78,Leu,127,Leu,0.042017540803964824
79,Leu,128,Leu,0.03897839608985151
80,Asp,129,Ser,0.03299377025932234
81,Ile,130,Val,0.03431074398082794
82,Asp,131,Pro,0.034363917059737965
83,Ala,132,Ala,0.04161373940097234
84,Pro,133,Pro,0.04824733226115163
85,Val,134,Val,0.04994950666096514
86,Thr,135,Thr,0.06969283911861948
87,Val,136,Ile,0.07546639913827947
88,Cys,137,Cys,0.059448051711009794
89,Gly,138,Gly,0.05032647410420387
90,Asp,139,Asp,0.047858805800637165
91,Ile,140,Val,0.056693693152817796
92,His,141,His,0.0584787597077775
93,Gly,142,Gly,0.06046913206667248
94,Gln,143,Gln,0.05123231671420803
95,Phe,144,Tyr,0.05401509897365116
96,Phe,145,Tyr,0.04686811373665994
97,Asp,146,Asp,0.041821096150035715
98,Leu,147,Leu,0.04587090809050725
99,Met,148,Met,0.044094549387136986
100,Lys,149,Lys,0.043016536603282356
101,Leu,150,Leu,0.04564617695277861
102,Phe,151,Phe,0.04945359585059877
103,Glu,152,Glu,0.05263660255322843
104,Val,153,Val,0.06137350857617829
105,Gly,154,Gly,0.06476976611269124
106,Gly,155,Gly,0.06739891728031405
107,Ser,156,Asp,0.0632152168502007
108,Pro,157,Pro,0.06201546976186874
109,Ala,158,Ala,0.0594652936567207
110,Asn,159,Ser,0.05423831304760714
111,Thr,160,Tr,0.06188950564551268
112,Arg,161,Lys,0.054406777694338035
113,Tyr,162,Tyr,0.0713602000833073
114,Leu,163,Leu,0.0918486520532855
115,Phe,164,Phe,0.11585612524145877
116,Leu,165,Leu,0.09453870751068288
117,Gly,166,Gly,0.08026151214624949
118,Asp,167,Asp,0.0641245415950425
119,Tyr,168,Tyr,0.07521956534394583
120,Val,169,Val,0.06328421493140568
121,Asp,170,Asp,0.05596820679203984
122,Arg,171,Arg,0.060668307127258944
123,Gly,172,Gly,0.05969405134364332
124,Tyr,173,Ser,0.0569430166463299
125,Phe,174,Phe,0.06527604709022353
126,Ser,175,Ser,0.06745037114474699
127,Ile,176,Ile,0.07588462801638424
128,Glu,177,Glu,0.0819654937939898
129,Cys,178,Cys,0.07852986615717239
130,Val,179,Leu,0.07438756433680024
131,Leu,180,Leu,0.09186589531119038
132,Tyr,181,Tyr,0.10070179420102053
133,Leu,182,Leu,0.08870261219314633
134,Trp,183,Tyr,0.06279972755062539
135,Ala,184,Ser,0.07144929844373266
136,Leu,185,Leu,0.06736913443542038
137,Lys,186,Lys,0.0607423382168596
138,Ile,187,Ile,0.06899365837991875
139,Leu,188,Asn,0.06774380023450782
140,Tyr,189,Tyr,0.05123687955194143
141,Pro,190,Pro,0.045666454986173194
142,Lys,191,Asp,0.03494276340427644
143,Thr,192,Thr,0.04599243648315818
144,Leu,193,Phe,0.07373506474420317
145,Phe,194,Trp,0.06947951410765384
146,Leu,195,Met,0.09477225209054635
147,Leu,196,Leu,0.07735365142970618
148,Arg,197,Arg,0.07137283575782591
149,Gly,198,Gly,0.06232788537380227
150,Asn,199,Asn,0.05299163714488309
151,His,200,His,0.05501910734083359
152,Glu,201,Glu,0.06037045393633819
153,Cys,202,Cys,0.05884131465328854
154,Arg,203,Arg,0.058374061091046814
155,His,204,His,0.05300409474595242
156,Leu,205,Leu,0.0498545623652775
157,Thr,206,Thr,0.05522513251775162
158,Glu,207,Glu,0.0526022691835748
159,Tyr,208,Tyr,0.04707565592662295
160,Phe,209,Phe,0.04731874242875266
161,Thr,210,Thr,0.05157833660480691
162,Phe,211,Phe,0.060429636555830384
163,Lys,212,Lys,0.056978784083247754
164,Gln,213,Asn,0.055055167655724026
165,Glu,214,Glu,0.06457179854290317
166,Cys,215,Cys,0.06498379431070811
167,Lys,216,Leu,0.0644069539511039
168,Ile,217,His,0.0697422991530656
169,Lys,218,Lys,0.07487405483205081
170,Tyr,219,Tyr,0.07005920312053254
171,Ser,220,Ser,0.061641268531230246
172,Glu,221,Glu,0.05858306953859644
173,Arg,222,Glu,0.057565706273565505
174,Val,223,Leu,0.0618006344289898
175,Tyr,224,Tyr,0.06032699740808831
176,Asp,225,Glu,0.05888682714124644
177,Ala,226,Glu,0.05814292044758152
178,Cys,227,Cys,0.05711002773262775
179,Met,228,Leu,0.061043266673400536
180,Asp,229,Val,0.06747242897776885
181,Ala,230,Ala,0.06463033838665644
182,Phe,231,Phe,0.0607892462110235
183,Asp,232,Asn,0.0685466864089216
184,Cys,233,Ala,0.0759716805539322
185,Leu,234,Leu,0.07011786319730881
186,Pro,235,Pro,0.06617273449537876
187,Leu,236,Leu,0.05889704433060661
188,Ala,237,Ala,0.04234642346271704
189,Ala,238,Ala,0.03657777075866346
190,Leu,239,Ile,0.034939625655586455
191,Met,240,Met,0.03727400276277364
192,Asn,241,Asn,0.03738527902755024
193,Gln,242,Glu,0.03692785832002091
194,Gln,243,Gln,0.04114477691275321
195,Phe,244,Phe,0.04008420073727788
196,Leu,245,Phe,0.03739973224414303
197,Cys,246,Cys,0.036269453089470986
198,Val,247,Val,0.04501610813939319
199,His,248,His,0.05196711509432841
200,Gly,249,Gly,0.036650207265864876
201,Gly,250,Gly,0.02449812134860655
202,Leu,251,Leu,0.03879227464917048
203,Ser,252,Ser,0.03594315872908605
204,Pro,253,Pro,0.03822427112918143
205,Glu,254,Gln,0.035506482955445264
206,Ile,255,Leu,0.04082430974598781
207,Asn,256,Thr,0.03259582394540104
208,Thr,257,Ser,0.03352115094024521
209,Leu,258,Leu,0.03653851835622953
210,Asp,259,Asp,0.04001423503159016
211,Asp,260,Ser,0.04225636198899152
212,Ile,261,Leu,0.043727368108036964
213,Arg,262,Arg,0.045426843793610484
214,Lys,263,Lys,0.0503318203326032
215,Leu,264,Leu,0.05756947910795442
216,Asp,265,His,0.06587732332352733
217,Arg,266,Arg,0.07427393341900419
218,Phe,267,Phe,0.07775408371883288
219,Lys,268,Arg,0.07081511301016968
220,Glu,269,Glu,0.0628765300653776
221,Pro,270,Pro,0.056039199383839104
222,Pro,271,Pro,0.05060619733829756
223,Ala,272,Thr,0.04190449357065715
224,Tyr,273,Lys,0.03685658837423413
225,Gly,274,Gly,0.03759947999498802
226,Pro,275,Leu,0.03911835095365073
227,Met,276,Met,0.05017515425438282
228,Cys,277,Cys,0.04205538892855081
229,Asp,278,Asp,0.030440501513229527
230,Ile,279,Leu,0.03286708360485122
231,Leu,280,Leu,0.036638161120204536
232,Trp,281,Trp,0.027222919459254948
233,Ser,282,Ala,0.02788287474769074
234,Asp,283,Asp,0.03461051344957893
235,Pro,284,Pro,0.04252759656078974
236,Leu,285,Ile,0.03486998255645588
237,Glu,286,Glu,0.04896545241198124
238,Asp,287,Asp,0.05606119409400971
239,Phe,288,Tyr,0.05712253503860989
240,Gly,289,Asp,0.07046902933621976
241,Asn,290,Asp,0.07235821043273387
242,Glu,291,Asp,0.1446947407611764
243,Lys,292,Asn,0.09421339133318975
244,Thr,293,Leu,0.07351082866560128
245,Gln,294,Asp,0.05557733667507634
246,Glu,295,Gln,0.0620001461578
247,His,296,Glu,0.06075195955365016
248,Phe,297,Phe,0.041704733648415114
249,Thr,298,Val,0.03732277184805093
250,His,299,Thr,0.026231664936175004
251,Asn,300,Asn,0.024755328204714742
252,Thr,301,Val,0.02401328352216663
253,Val,302,Val,0.024756385451753734
254,Arg,303,Arg,0.024527063877547814
255,Gly,304,Gly,0.027154918584738695
256,Cys,305,Cys,0.028613683926201727
257,Ser,306,Ser,0.02567516643045469
258,Tyr,307,Phe,0.030258088899010594
259,Phe,308,Ala,0.028528663844282445
260,Tyr,309,Phe,0.037802062250293304
261,Ser,310,Ser,0.04988267363508208
262,Tyr,311,Tyr,0.06226195341612264
263,Pro,312,Lys,0.048842796613531816
264,Ala,313,Ala,0.04960182815896945
265,Val,314,Ala,0.059101309279505895
266,Cys,315,Cys,0.05311767013108814
267,Glu,316,Lys,0.04988965298054777
268,Phe,317,Phe,0.0448436639547978
269,Leu,318,Leu,0.04215642010955104
270,Gln,319,Asp,0.04224400981028106
271,His,320,Arg,0.039043322767369
272,Asn,321,Thr,0.03854873552061888
273,Asn,322,Lys,0.03856365176482323
274,Leu,323,Leu,0.04275026180219587
275,Leu,324,Leu,0.04521409223173923
276,Ser,325,Ser,0.04557529698674387
277,Ile,326,Val,0.0457136713863207
278,Leu,327,Ile,0.056829882412619596
279,Arg,328,Arg,0.06165512533543452
280,Ala,329,Ala,0.05461873753803301
281,His,330,His,0.04120480383069267
282,Glu,331,Glu,0.042312903855176894
283,Ala,332,Ala,0.04403153070807511
284,Gln,333,Gln,0.053245597599093995
285,Asp,334,Asn,0.05433821170319295
286,Ala,335,Ala,0.06519595897383124
287,Gly,336,Gly,0.060529630492126126
288,Tyr,337,Tyr,0.07549424124272398
289,Arg,338,Arg,0.08123957738887029
290,Met,339,Met,0.08953624925891697
291,Tyr,340,Tyr,0.07850334713364035
292,Arg,341,Lys,0.08116665548232015
293,Lys,342,Arg,0.06983257528993615
294,Ser,343,Thr,0.05660759036022574
295,Gln,344,Lys,0.07127427556675699
296,Thr,345,Thr,0.06633779643158277
297,Thr,346,Met,0.06401988179854579
298,Gly,347,Gly,0.08665031999499613
299,Phe,348,Phe,0.08201024542908057
300,Pro,349,Pro,0.07180780133524617
301,Ser,350,Ser,0.051242396130893104
302,Leu,351,Leu,0.05577067489730315
303,Ile,352,Leu,0.07607253425248088
304,Thr,353,Thr,0.07477386438985799
305,Ile,354,Met,0.07064372012069149
306,Phe,355,Phe,0.0501766099341753
307,Ser,356,Ser,0.0446451739149669
308,Ala,357,Ala,0.04239534129574918
309,Pro,358,Pro,0.04254277385827336
310,Asn,359,Asn,0.04090977580286566
311,Tyr,360,Tyr,0.04032432272731773
312,Leu,361,Leu,0.03941528994915442
313,Asp,362,Asp,0.039900886340616885
314,Val,363,Ser,0.03488661125956424
315,Tyr,364,Tyr,0.03784054014513422
316,Asn,365,Asn,0.04005628739316887
317,Asn,366,Asn,0.04464029069829847
318,Lys,367,Lys,0.05247264285288304
319,Ala,368,Ala,0.05233786617068959
320,Ala,369,Ala,0.06779757180418083
321,Val,370,Val,0.07126367285312771
322,Leu,371,Leu,0.08032541399338837
323,Lys,372,Lys,0.0672700294126607
324,Tyr,373,Tyr,0.061762668346761036
325,Glu,374,Glu,0.06610266975075053
326,Asn,375,Asn,0.0634060576836006
327,Asn,376,Asn,0.06507038638659174
328,Val,377,Val,0.07017073243895129
329,Met,378,Met,0.0667640039226301
330,Asn,379,Asn,0.07428260223147487
331,Ile,380,Ile,0.08370878438136943
332,Arg,381,Arg,0.07791850942020905
333,Gln,382,Gln,0.07016134897986039
334,Phe,383,Phe,0.055751018853960936
335,Asn,384,Asn,0.048136301742055035
336,Cys,385,Ala,0.041603911266747125
337,Ser,386,Ser,0.040785230427252066
338,Pro,387,Pro,0.04407975745034711
339,His,388,His,0.04685941110590753
340,Pro,389,Pro,0.05049073684718246
341,Tyr,390,Tyr,0.05151076380134594
342,Trp,391,Trp,0.05552035829559562
343,Leu,392,Leu,0.05878200637762498
344,Pro,393,Pro,0.05519617662108042
345,Asn,394,His,0.06721676718018771
346,Phe,395,Phe,0.06792790964907153
347,Met,396,Met,0.06738749338431348
348,Asp,397,Asp,0.08239191441245297
349,Val,398,Val,0.08678079844828089
350,Phe,399,Phe,0.10468480000787096
351,Thr,400,Thr,0.08952671056932035
352,Trp,401,Trp,0.07931120987431836
353,Ser,402,Ser,0.09702559807135086
354,Leu,403,Leu,0.033837150350490126
355,Pro,404,Pro,0.02216260382632666
356,Phe,405,Phe,0.07446620251776133
357,Val,406,Val,0.0566598230903206
358,Gly,407,Gly,0.039651703135890566
359,Glu,408,Glu,0.05354702355802292
360,Lys,409,Lys,0.07559206307122264
361,Val,410,Val,0.05512934040424349
362,Thr,411,Thr,0.06864650947079402
363,Glu,412,Glu,0.07300784648047323
364,Met,413,Met,0.07041957232639501
365,Leu,414,Leu,0.0912657061734989
366,Val,415,Val,0.09976551315672771
367,Asn,416,Ser,0.09906580732895186
368,Val,417,Ile,0.10286202965323717
369,Leu,418,Leu,0.10412916899006691
370,Asn,419,Asn,0.10214657964765159
371,Ile,420,Val,0.09860541916318556
372,Cys,421,Cys,0.10410031610730708
