Matrix_index,Chain,Residue_number,Residue_name
1,A,21,VAL
2,A,22,PRO
3,A,23,PHE
4,A,24,PRO
5,A,25,PRO
6,A,26,SER
7,A,27,HIS
8,A,28,ARG
9,A,29,LEU
10,A,30,THR
11,A,31,ALA
12,A,32,LYS
13,A,33,GLU
14,A,34,VAL
15,A,35,PHE
16,A,36,ASP
17,A,37,ASN
18,A,38,ASP
19,A,39,GLY
20,A,40,LYS
21,A,41,PRO
22,A,42,ARG
23,A,43,VAL
24,A,44,ASP
25,A,45,ILE
26,A,46,LEU
27,A,47,LYS
28,A,48,ALA
29,A,49,HIS
30,A,50,LEU
31,A,51,MET
32,A,52,LYS
33,A,53,GLU
34,A,54,GLY
35,A,55,ARG
36,A,56,LEU
37,A,57,GLU
38,A,58,GLU
39,A,59,THR
40,A,60,VAL
41,A,61,ALA
42,A,62,LEU
43,A,63,ARG
44,A,64,ILE
45,A,65,ILE
46,A,66,THR
47,A,67,GLU
48,A,68,GLY
49,A,69,ALA
50,A,70,SER
51,A,71,ILE
52,A,72,LEU
53,A,73,ARG
54,A,74,GLN
55,A,75,GLU
56,A,76,LYS
57,A,77,ASN
58,A,78,LEU
59,A,79,LEU
60,A,80,ASP
61,A,81,ILE
62,A,82,ASP
63,A,83,ALA
64,A,84,PRO
65,A,85,VAL
66,A,86,THR
67,A,87,VAL
68,A,88,CYS
69,A,89,GLY
70,A,90,ASP
71,A,91,ILE
72,A,92,HIS
73,A,93,GLY
74,A,94,GLN
75,A,95,PHE
76,A,96,PHE
77,A,97,ASP
78,A,98,LEU
79,A,99,MET
80,A,100,LYS
81,A,101,LEU
82,A,102,PHE
83,A,103,GLU
84,A,104,VAL
85,A,105,GLY
86,A,106,GLY
87,A,107,SER
88,A,108,PRO
89,A,109,ALA
90,A,110,ASN
91,A,111,THR
92,A,112,ARG
93,A,113,TYR
94,A,114,LEU
95,A,115,PHE
96,A,116,LEU
97,A,117,GLY
98,A,118,ASP
99,A,119,TYR
100,A,120,VAL
101,A,121,ASP
102,A,122,ARG
103,A,123,GLY
104,A,124,TYR
105,A,125,PHE
106,A,126,SER
107,A,127,ILE
108,A,128,GLU
109,A,129,CYS
110,A,130,VAL
111,A,131,LEU
112,A,132,TYR
113,A,133,LEU
114,A,134,TRP
115,A,135,ALA
116,A,136,LEU
117,A,137,LYS
118,A,138,ILE
119,A,139,LEU
120,A,140,TYR
121,A,141,PRO
122,A,142,LYS
123,A,143,THR
124,A,144,LEU
125,A,145,PHE
126,A,146,LEU
127,A,147,LEU
128,A,148,ARG
129,A,149,GLY
130,A,150,ASN
131,A,151,HIS
132,A,152,GLU
133,A,153,CYS
134,A,154,ARG
135,A,155,HIS
136,A,156,LEU
137,A,157,THR
138,A,158,GLU
139,A,159,TYR
140,A,160,PHE
141,A,161,THR
142,A,162,PHE
143,A,163,LYS
144,A,164,GLN
145,A,165,GLU
146,A,166,CYS
147,A,167,LYS
148,A,168,ILE
149,A,169,LYS
150,A,170,TYR
151,A,171,SER
152,A,172,GLU
153,A,173,ARG
154,A,174,VAL
155,A,175,TYR
156,A,176,ASP
157,A,177,ALA
158,A,178,CYS
159,A,179,MET
160,A,180,ASP
161,A,181,ALA
162,A,182,PHE
163,A,183,ASP
164,A,184,CYS
165,A,185,LEU
166,A,186,PRO
167,A,187,LEU
168,A,188,ALA
169,A,189,ALA
170,A,190,LEU
171,A,191,MET
172,A,192,ASN
173,A,193,GLN
174,A,194,GLN
175,A,195,PHE
176,A,196,LEU
177,A,197,CYS
178,A,198,VAL
179,A,199,HIS
180,A,200,GLY
181,A,201,GLY
182,A,202,LEU
183,A,203,SER
184,A,204,PRO
185,A,205,GLU
186,A,206,ILE
187,A,207,ASN
188,A,208,THR
189,A,209,LEU
190,A,210,ASP
191,A,211,ASP
192,A,212,ILE
193,A,213,ARG
194,A,214,LYS
195,A,215,LEU
196,A,216,ASP
197,A,217,ARG
198,A,218,PHE
199,A,219,LYS
200,A,220,GLU
201,A,221,PRO
202,A,222,PRO
203,A,223,ALA
204,A,224,TYR
205,A,225,GLY
206,A,226,PRO
207,A,227,MET
208,A,228,CYS
209,A,229,ASP
210,A,230,ILE
211,A,231,LEU
212,A,232,TRP
213,A,233,SER
214,A,234,ASP
215,A,235,PRO
216,A,236,LEU
217,A,237,GLU
218,A,238,ASP
219,A,239,PHE
220,A,240,GLY
221,A,241,ASN
222,A,242,GLU
223,A,243,LYS
224,A,244,THR
225,A,245,GLN
226,A,246,GLU
227,A,247,HIS
228,A,248,PHE
229,A,249,THR
230,A,250,HIS
231,A,251,ASN
232,A,252,THR
233,A,253,VAL
234,A,254,ARG
235,A,255,GLY
236,A,256,CYS
237,A,257,SER
238,A,258,TYR
239,A,259,PHE
240,A,260,TYR
241,A,261,SER
242,A,262,TYR
243,A,263,PRO
244,A,264,ALA
245,A,265,VAL
246,A,266,CYS
247,A,267,GLU
248,A,268,PHE
249,A,269,LEU
250,A,270,GLN
251,A,271,HIS
252,A,272,ASN
253,A,273,ASN
254,A,274,LEU
255,A,275,LEU
256,A,276,SER
257,A,277,ILE
258,A,278,LEU
259,A,279,ARG
260,A,280,ALA
261,A,281,HIS
262,A,282,GLU
263,A,283,ALA
264,A,284,GLN
265,A,285,ASP
266,A,286,ALA
267,A,287,GLY
268,A,288,TYR
269,A,289,ARG
270,A,290,MET
271,A,291,TYR
272,A,292,ARG
273,A,293,LYS
274,A,294,SER
275,A,295,GLN
276,A,296,THR
277,A,297,THR
278,A,298,GLY
279,A,299,PHE
280,A,300,PRO
281,A,301,SER
282,A,302,LEU
283,A,303,ILE
284,A,304,THR
285,A,305,ILE
286,A,306,PHE
287,A,307,SER
288,A,308,ALA
289,A,309,PRO
290,A,310,ASN
291,A,311,TYR
292,A,312,LEU
293,A,313,ASP
294,A,314,VAL
295,A,315,TYR
296,A,316,ASN
297,A,317,ASN
298,A,318,LYS
299,A,319,ALA
300,A,320,ALA
301,A,321,VAL
302,A,322,LEU
303,A,323,LYS
304,A,324,TYR
305,A,325,GLU
306,A,326,ASN
307,A,327,ASN
308,A,328,VAL
309,A,329,MET
310,A,330,ASN
311,A,331,ILE
312,A,332,ARG
313,A,333,GLN
314,A,334,PHE
315,A,335,ASN
316,A,336,CYS
317,A,337,SER
318,A,338,PRO
319,A,339,HIS
320,A,340,PRO
321,A,341,TYR
322,A,342,TRP
323,A,343,LEU
324,A,344,PRO
325,A,345,ASN
326,A,346,PHE
327,A,347,MET
328,A,348,ASP
329,A,349,VAL
330,A,350,PHE
331,A,351,THR
332,A,352,TRP
333,A,353,SER
334,A,354,LEU
335,A,355,PRO
336,A,356,PHE
337,A,357,VAL
338,A,358,GLY
339,A,359,GLU
340,A,360,LYS
341,A,361,VAL
342,A,362,THR
343,A,363,GLU
344,A,364,MET
345,A,365,LEU
346,A,366,VAL
347,A,367,ASN
348,A,368,VAL
349,A,369,LEU
350,A,370,ASN
351,A,371,ILE
352,A,372,CYS
