Rank,Bos_residue,Bos_residue_name,Candida_residue,Candida_residue_name,DeltaCC
1,252,THR,301,VAL,0.0238609986
2,253,VAL,302,VAL,0.0244180834
3,251,ASN,300,ASN,0.0245561246
4,254,ARG,303,ARG,0.0250379389
5,201,GLY,250,GLY,0.0254992050
6,257,SER,306,SER,0.0256564614
7,355,PRO,404,PRO,0.0260037860
8,255,GLY,304,GLY,0.0267304949
9,250,HIS,299,THR,0.0269683690
10,232,TRP,281,TRP,0.0274536791
11,233,SER,282,ALA,0.0276350174
12,256,CYS,305,CYS,0.0279196067
13,259,PHE,308,ALA,0.0294789459
14,229,ASP,278,ASP,0.0311241556
15,258,TYR,307,PHE,0.0320341209
16,142,LYS,191,ASP,0.0325254584
17,207,ASN,256,THR,0.0328457227
18,80,ASP,129,SER,0.0330810960
19,208,THR,257,SER,0.0332228404
20,234,ASP,283,ASP,0.0336433228
