Bos residue,Residue,Candida residue,Residue.1,Dynamic_Difference
44,Lys,48,Lys,0.023740672580811233
89,Gly,104,Pro,0.027219806365117824
88,Pro,103,Pro,0.029413226667239827
43,Asn,47,Gly,0.029733600929642452
90,Ile,105,Ile,0.030017016578562157
42,Arg,46,Arg,0.03364501217750948
85,Thr,100,Arg,0.033846227729298795
84,Ala,99,Pro,0.03810826001982448
41,Asp,45,Lys,0.03822109167529736
30,Leu,34,Leu,0.03935265577371959
23,Val,27,Thr,0.043394197014476776
24,Val,28,Ile,0.04471137387039238
37,Asp,41,Asp,0.04762579896083645
29,Met,33,Lys,0.047711235205136225
92,Pro,107,Gly,0.05177433048541646
104,Leu,119,Leu,0.0522266208400506
2,Val,6,Pro,0.0527643636764475
39,Ser,43,Ser,0.052777861665936884
36,Phe,40,Phe,0.052922466594142584
93,Pro,108,Pro,0.05377777076742608
