Bos residue,Residue (A),Candida residue,Residue (A)
21,Val,70,Val
22,Pro,71,Asp
23,Phe,72,Pro
24,Pro,73,Pro
25,Pro,74,Ala
26,Ser,75,Thr
27,His,76,Phe
28,Arg,77,Lys
29,Leu,78,Pro
30,Thr,79,Lys
31,Ala,80,Asp
32,Lys,81,Glu
33,Glu,82,Gln
34,Val,83,Val
35,Phe,84,Phe
36,Pro,85,Tyr
37,Asn,86,Pro
38,Asp,87,Asn
39,Gly,88,Gly
40,Lys,89,Lys
41,Pro,90,Pro
42,Arg,91,Asn
43,Val,92,His
44,Asp,93,Gln
45,Ile,94,Phe
46,Leu,95,Leu
47,Lys,96,Lys
48,Ala,97,Gln
49,His,98,His
50,Leu,99,Phe
51,Met,100,Ile
52,Lys,101,His
53,Glu,102,Glu
54,Gly,103,Gly
55,Arg,104,Arg
56,Leu,105,Leu
57,Glu,106,His
58,Glu,107,Glu
59,Thr,108,His
60,Val,109,Gln
61,Ala,110,Ala
62,Leu,111,Ile
63,Arg,112,Gln
64,Ile,113,Ile
65,Ile,114,Leu
66,Thr,115,Lys
67,Glu,116,Gln
68,Gly,117,Ala
69,Ala,118,Thr
70,Ser,119,His
71,Ile,120,Leu
72,Leu,121,Leu
73,Arg,122,Ser
74,Gln,123,Lys
75,Glu,124,Glu
76,Lys,125,Pro
77,Asn,126,Asn
78,Leu,127,Leu
79,Leu,128,Leu
80,Asp,129,Ser
81,Ile,130,Val
82,Asp,131,Pro
83,Ala,132,Ala
84,Pro,133,Pro
85,Val,134,Val
86,Thr,135,Thr
87,Val,136,Ile
88,Cys,137,Cys
89,Gly,138,Gly
90,Asp,139,Asp
91,Ile,140,Val
92,His,141,His
93,Gly,142,Gly
94,Gln,143,Gln
95,Phe,144,Tyr
96,Phe,145,Tyr
97,Asp,146,Asp
98,Leu,147,Leu
99,Met,148,Met
100,Lys,149,Lys
101,Leu,150,Leu
102,Phe,151,Phe
103,Glu,152,Glu
104,Val,153,Val
105,Gly,154,Gly
106,Gly,155,Gly
107,Ser,156,Asp
108,Pro,157,Pro
109,Ala,158,Ala
110,Asn,159,Ser
111,Thr,160,Tr
112,Arg,161,Lys
113,Tyr,162,Tyr
114,Leu,163,Leu
115,Phe,164,Phe
116,Leu,165,Leu
117,Gly,166,Gly
118,Asp,167,Asp
119,Tyr,168,Tyr
120,Val,169,Val
121,Asp,170,Asp
122,Arg,171,Arg
123,Gly,172,Gly
124,Tyr,173,Ser
125,Phe,174,Phe
126,Ser,175,Ser
127,Ile,176,Ile
128,Glu,177,Glu
129,Cys,178,Cys
130,Val,179,Leu
131,Leu,180,Leu
132,Tyr,181,Tyr
133,Leu,182,Leu
134,Trp,183,Tyr
135,Ala,184,Ser
136,Leu,185,Leu
137,Lys,186,Lys
138,Ile,187,Ile
139,Leu,188,Asn
140,Tyr,189,Tyr
141,Pro,190,Pro
142,Lys,191,Asp
143,Thr,192,Thr
144,Leu,193,Phe
145,Phe,194,Trp
146,Leu,195,Met
147,Leu,196,Leu
148,Arg,197,Arg
149,Gly,198,Gly
150,Asn,199,Asn
151,His,200,His
152,Glu,201,Glu
153,Cys,202,Cys
154,Arg,203,Arg
155,His,204,His
156,Leu,205,Leu
157,Thr,206,Thr
158,Glu,207,Glu
159,Tyr,208,Tyr
160,Phe,209,Phe
161,Thr,210,Thr
162,Phe,211,Phe
163,Lys,212,Lys
164,Gln,213,Asn
165,Glu,214,Glu
166,Cys,215,Cys
167,Lys,216,Leu
168,Ile,217,His
169,Lys,218,Lys
170,Tyr,219,Tyr
171,Ser,220,Ser
172,Glu,221,Glu
173,Arg,222,Glu
174,Val,223,Leu
175,Tyr,224,Tyr
176,Asp,225,Glu
177,Ala,226,Glu
178,Cys,227,Cys
179,Met,228,Leu
180,Asp,229,Val
181,Ala,230,Ala
182,Phe,231,Phe
183,Asp,232,Asn
184,Cys,233,Ala
185,Leu,234,Leu
186,Pro,235,Pro
187,Leu,236,Leu
188,Ala,237,Ala
189,Ala,238,Ala
190,Leu,239,Ile
191,Met,240,Met
192,Asn,241,Asn
193,Gln,242,Glu
194,Gln,243,Gln
195,Phe,244,Phe
196,Leu,245,Phe
197,Cys,246,Cys
198,Val,247,Val
199,His,248,His
200,Gly,249,Gly
201,Gly,250,Gly
202,Leu,251,Leu
203,Ser,252,Ser
204,Pro,253,Pro
205,Glu,254,Gln
206,Ile,255,Leu
207,Asn,256,Thr
208,Thr,257,Ser
209,Leu,258,Leu
210,Asp,259,Asp
211,Asp,260,Ser
212,Ile,261,Leu
213,Arg,262,Arg
214,Lys,263,Lys
215,Leu,264,Leu
216,Asp,265,His
217,Arg,266,Arg
218,Phe,267,Phe
219,Lys,268,Arg
220,Glu,269,Glu
221,Pro,270,Pro
222,Pro,271,Pro
223,Ala,272,Thr
224,Tyr,273,Lys
225,Gly,274,Gly
226,Pro,275,Leu
227,Met,276,Met
228,Cys,277,Cys
229,Asp,278,Asp
230,Ile,279,Leu
231,Leu,280,Leu
232,Trp,281,Trp
233,Ser,282,Ala
234,Asp,283,Asp
235,Pro,284,Pro
236,Leu,285,Ile
237,Glu,286,Glu
238,Asp,287,Asp
239,Phe,288,Tyr
240,Gly,289,Asp
241,Asn,290,Asp
242,Glu,291,Asp
243,Lys,292,Asn
244,Thr,293,Leu
245,Gln,294,Asp
246,Glu,295,Gln
247,His,296,Glu
248,Phe,297,Phe
249,Thr,298,Val
250,His,299,Thr
251,Asn,300,Asn
252,Thr,301,Val
253,Val,302,Val
254,Arg,303,Arg
255,Gly,304,Gly
256,Cys,305,Cys
257,Ser,306,Ser
258,Tyr,307,Phe
259,Phe,308,Ala
260,Tyr,309,Phe
261,Ser,310,Ser
262,Tyr,311,Tyr
263,Pro,312,Lys
264,Ala,313,Ala
265,Val,314,Ala
266,Cys,315,Cys
267,Glu,316,Lys
268,Phe,317,Phe
269,Leu,318,Leu
270,Gln,319,Asp
271,His,320,Arg
272,Asn,321,Thr
273,Asn,322,Lys
274,Leu,323,Leu
275,Leu,324,Leu
276,Ser,325,Ser
277,Ile,326,Val
278,Leu,327,Ile
279,Arg,328,Arg
280,Ala,329,Ala
281,His,330,His
282,Glu,331,Glu
283,Ala,332,Ala
284,Gln,333,Gln
285,Asp,334,Asn
286,Ala,335,Ala
287,Gly,336,Gly
288,Tyr,337,Tyr
289,Arg,338,Arg
290,Met,339,Met
291,Tyr,340,Tyr
292,Arg,341,Lys
293,Lys,342,Arg
294,Ser,343,Thr
295,Gln,344,Lys
296,Thr,345,Thr
297,Thr,346,Met
298,Gly,347,Gly
299,Phe,348,Phe
300,Pro,349,Pro
301,Ser,350,Ser
302,Leu,351,Leu
303,Ile,352,Leu
304,Thr,353,Thr
305,Ile,354,Met
306,Phe,355,Phe
307,Ser,356,Ser
308,Ala,357,Ala
309,Pro,358,Pro
310,Asn,359,Asn
311,Tyr,360,Tyr
312,Leu,361,Leu
313,Asp,362,Asp
314,Val,363,Ser
315,Tyr,364,Tyr
316,Asn,365,Asn
317,Asn,366,Asn
318,Lys,367,Lys
319,Ala,368,Ala
320,Ala,369,Ala
321,Val,370,Val
322,Leu,371,Leu
323,Lys,372,Lys
324,Tyr,373,Tyr
325,Glu,374,Glu
326,Asn,375,Asn
327,Asn,376,Asn
328,Val,377,Val
329,Met,378,Met
330,Asn,379,Asn
331,Ile,380,Ile
332,Arg,381,Arg
333,Gln,382,Gln
334,Phe,383,Phe
335,Asn,384,Asn
336,Cys,385,Ala
337,Ser,386,Ser
338,Pro,387,Pro
339,His,388,His
340,Pro,389,Pro
341,Tyr,390,Tyr
342,Trp,391,Trp
343,Leu,392,Leu
344,Pro,393,Pro
345,Asn,394,His
346,Phe,395,Phe
347,Met,396,Met
348,Asp,397,Asp
349,Val,398,Val
350,Phe,399,Phe
351,Thr,400,Thr
352,Trp,401,Trp
353,Ser,402,Ser
354,Leu,403,Leu
355,Pro,404,Pro
356,Phe,405,Phe
357,Val,406,Val
358,Gly,407,Gly
359,Glu,408,Glu
360,Lys,409,Lys
361,Val,410,Val
362,Thr,411,Thr
363,Glu,412,Glu
364,Met,413,Met
365,Leu,414,Leu
366,Val,415,Val
367,Asn,416,Ser
368,Val,417,Ile
369,Leu,418,Leu
370,Asn,419,Asn
371,Ile,420,Val
372,Cys,421,Cys
